sentence_lemma	sentence_token	target_index	original_word
$ att bland öst se allmän rlppniärksatnheten genom kritik $ nära fästad iviö likkommande skrift $ ha $ med förtrytelse trollkraft $ kill granskare förwandlat en nia $ sein $ bedöma efter hwad harr ritgiftvit i bihangcl till lund tidning $ 27 $ af natur alldrig war ämna till yrke af denna beskaffenhet $	§^wanau att bland öst se allmänna rlppniärksatnheten genom kritik » närmare fästad iviö likkommande skrifter , har , med förtrytelsens trollkraft / kill granskare förwandlat en nian , sein , bedömd efter hwad harr ritgiftvit i bihangcl till Lunds tidning N-o 27 , af naturen alldrig war ämnad till yrken af denna beskaffenhet . 	23	granskare
$ $ allmcnna jurnal $ stockholm $ $ ny extra post $ granskare $ $ $ ing $ anmärkare och argus $ för någre wid och nära stortorg boende $ iemnas underrättelse i biörnstähls bokhandel $	kes^Tidning , Allmcnna Jurnalen , Stockholms .veutter , Nya Extra Posten , Granskaren , Handels-Tid , ing , Anmärkaren och Argus , för någre wid och nära Stortorget boende , iemnaS underrättelse i Biörnstähls Bokhandel . 	12	granskare
om $ wid en sä wigtig tidpunkt $ wid en sä hög föremal $ göta kanaldirektion $ mer än nägonsin $ känna en witz farhäga $ sä vara hon dock lugna af förtröstan ä sig upplyst granskare rätt och mildhet $	Om , wid en sä wigtig tidpunkt , wid ett sä högt föremal , Göta KanalDirektion , mer än nägonsin , känner en witz farhäga , sä är hon dock lugnad af förtröstan ä sin upplyste granskares rättwisa och mildhet . 	36	granskare
$ denna princip ha äfwen till all del af anims $ blifwit följd $ och önska han hjerteligen $ att all $ som skrifwit uti finanslära före och under denna riksdag $ mäta behjerta denna hr granskare wisa sats $	— Denna princip har äfwen till alla delar af anims förf. blifwit följd — och önskar han hjerteligen , att alla , som skrifwit uti finansläran före och under denna Riksdag , mätte behjerta denne Hr Granskarens wisa sats . 	36	granskare
advocaturens utväg $ att dra granskare uppmärksamhet ifrån sak $ in uppå person $	Advocaturens utväg , att draga granskarens uppmärksamhet ifrån Saken , in uppå Personen . 	5	granskare
i $ 34 af tidning granskare finnaö krenne artikel $ rirand $ litteratur och ffön konst $ de granstaren införa nr den i strengnäs $ en lidniligen samlare $ för att rekommendera densamma $ fnfom den der inne $ hö $ inttesianta och wäl ivalda underrättelse $ äswen för stockholm $ hirilka stel mara för sielkwa hnfwudstadens tidningernblik okänd $	I N:o 34 af tidningen Granskaren finnaö krenne artiklar , rirand » Litteratur och ffön konst , dem Granstaren infört nr den i Strengnäs ulkoniman^ de lidniligen Samlaren , för att rekommendera densamma , fnfom den der inne , hö !l inttesianta och wäl ivalda underrättelser , äswen för Stockholm , hirilka stela mara för sielkwa hnfwudstadens tidningernblik okända . 	5	granskare
grundsanning för granskare $ at ta hwar sak för hwad den ar $	grundsanning för Granskare , At taga hwar sak för hwad den ar . 	2	granskare
schema ci ivar framstalldt till efterföljd $ utan blott i afsigt att wisa $ den en pä utffottcts $ $ ny psalm ej kunna sjunga pä gammal psalm melodie $ wisar mening sammanhang $ och inse genast af hwarjc granskare $ svin ej beherrstas af en pätrangande begär att smäda $	Schema ci ivar framstalldt till efterföljd , utan blott i afsigt att wisa , det en pä Utffottcts PsalM-Förstag upptagen ny Psalm ej kunde sjungas pä Gamla Psalmens Melodie , wisar meningens sammanhang , och inses genast af hwarjc granskare , svin ej beherrstas af ett pätrangande begär att smäda . 	39	granskare
hwar och man simma bebagar genomläsa recension af ferdinand cortez uti $ 143 $ 147 och 151 af denna blad $ ftall smärligen deri upptäcka en enda oro eller en enda mening $ seni kunna anse stötande $ hwarföre ocksä författare uti granskare $ 52 högligen förtrhter den moderat och paölonfria s $ $ deri $ hwilket dag anse $ förtjena den flarpaste tillrättawisning $ $	Hwar och en sam bebagar genomläsa recensionen af Ferdinand Cortez uti Neri- 143 , 147 och 151 af detta blad , ftall smärligen deri upptäcka ett enda oro eller en enda mening , seni kan anses stötande , hwarföre ocksä författaren uti Granskaren N-o 52 högligen förtrhter det moderata och paölonfria s » amsiä:lnin.qssätt«t deri , hwilket dan anser " förtjena den flarpaste tillrättawiSning . " 	42	granskare
för att foga jag efter en fleste prenumerant önstan $ ha jag bordt förändra jag plan med den owäldige granskare utgifwande $ och komma den hädanefter att utgä en gäng i weckan $	För att foga mig efter de fleste Prenumeranters önstan , har jag bordt förändra min plan med den Owäldige Granskarens utgifwande , och kommer den hädanefter att utgä en gäng i weckan . 	19	granskare
$ $ en lockli $ elev as herder $ med $ recensera of någon sakkunnig och länka granskare inom tvär $ fädernesland $	fatta^en , en lockli » elev as Herder , med wärci-het recenserad of någon sakkunnig och länkande Granskare inom tvär , Fädernesland . 	17	granskare
läfwac ost $ fager hail $ en liten afhandling pro letifti fubhmi $ nb $ dm nytta af stor förwillelser i wett $ eller om set $ som nb rvanuga granskare $ kalla den aldeles rasande $ $	läfwac ost , fager hail , en liten Afhandling pro letifti fubhmi , NB , Dm nyttan af Stora förwillelser i wett ; eller om set , som NB rvanUga Granskare , kalla det aldeles rasande " . 	30	granskare
syfta icke allenast en framföre hwarje säng meddela innehäll af en ämne simma $ cr fortkomma $ utan ock de wid flyta af sängcrna lillagde anmärkning $ för hwil $ ka i sörctalet rcdowisas $ och hwilka $ i anledning dels af framfaren granskare $ sardelts addifons och $ sällda omdöme $ $ af lfwersättarens egen starpsynta ur $ kille $	syfta icke allenast de framföre hwarje säng meddelade innehäll af de ämnen sam » cr fortkomma , utan ock de wid flutet af Sängcrna lillagde anmärkningar , för hwil , ka i sörctalet rcdowisas , och hwilka , i anledning dels af framfarna granskares , sardeltS Addifons och Teil.tcS sällda omdömen , .dels af Lfwersättarens egna starpsynta ur , kill . 	43	granskare
af xm $ robbe jag icke böra lemna oamnalkk $ och vara fcrt juli bernin okunnighet $ hwilfeti jo g öfwcr allt nied cn owäldig granskare strängbet hail för afsigt $ al $	af xM { robbe mig icke böra lemna oamnalkk ; och är fcrt juli bernin okunnighet , hwilfeti jo g öfwcr allt nied cn owäldig granskares strängbet hail för afsigt , al ! 	25	granskare
del $ $ ördenffull smärt att bedra den uppmärksamma granskare $ simma forsiär att uppfatta en mängahande nuanccrna $ nar man will hyckla känflor $ simma matt icke röna $	Del åt- ' ördenffull smärt att bedraga den uppmärksamma granskaren , sam forsiär att Uppfatta de mängahande nuanccrna , nar Man will hyckla känflor , sam matt icke röner . 	9	granskare
wara lidaude $ al granskare ute $ tuta stör $ re $ lt $ $ $ uti frnntttgelifheteti $ om den an vara den stor $ vara motsats tänkbar $	wara lidaude , al Granskaren ute ( Tutat stör , re & lt ; ] ) Uti frnntttgeliFheteti , om den an är den största , är motsatsen tänkbar . 	4	granskare
peti swar war $ $ jag ha $ säga han $ upptäcka tusen sel i denna $ en annan än mezerai ffulle ka $ hända blifwic bestört och förlora all fattning wid en sä oförniodait swar $ men han le och säga med en mild ironijk ton $ $ jag ha sjelf nxi $ rit cn ckndä mera sträng granskare an ni $ tp jag ha snnnit tmä tusen digst säga att $ efter han erfarenhet $ war bäiia tid att köpa bok dag före och dag efter stor fest $	petins swar war sträft- " Jag har , sade han , upptäckt tusen sel i denna Historia.^ En annan än Mezerai ffulle ka » hända blifwic bestört och förlorat all fattning wid ett sä oförniodait swar ; men han log och sade med en mild ironijk ton : " Jag har sjelf nxi » rit cn ckndä mera sträng Granskare an ni ; tp jag har snnnit tmä tusens Digst sade att , efter hans erfarenhet , war bäiia tiden att köpa böcker dagen före och dagen efter stora Fester . 	59	granskare
$ $ i anseende till den fahlcrantz $ sta taffan vara granskare af olik tanka nied stockholm posten $ emedan han m est beundra utsigt af wattenfallen i trollhättan $ $	— ( I anseende till den Fahlcrantz , sta taffan är Granskaren af olika tanka nied Stockholms Posten , emedan han m est beundrat Utsigt af wattenfallen i Trollhättan . ) 	11	granskare
lust af en läford $ som granskning aldrig förneka ung konstidkare $ hwilka med eff sannt nit st ätisa att $ fullkomlighet $ och wistt ha der warit förmänligare $ om granskare kunna skylla en brist $ han upptäcka $ pä konststycke aidro da $	lust af de läford , som granskningen aldrig förnekar unga Konstidkare , hwilka med eff sannt nit st ätisa att y.nna fullkomligheten ; och wistt hade der warit förmänligare , om Granskaren kunnat skylla de brister , han upptäcker , pä Konststyckenas aidro da ? 	31	granskare
med undantag af den tro $ han för någon år sedan ha $ att inskränkning i den utrikes handel kunna vara af nytia för land näring $ en misstag $ hvarifrån han längesedan återkomma $ uppmana han med trygghet granskare och hvar och en annan att öfverbevisa han en enda fluktuation i princip $ en enda kontrast i yttra åsigt och $	Med undantag af den tro , han för några år sedan hade , att inskränkningar i den utrikes handeln kunde vara af nytia för landets näringar — ett misstag , hvarifrån han längesedan återkommit — uppmanar han med trygghet Granskaren och hvar och en annan att öfverbevisa honom en enda fluktuation i principer , en enda kontrast i yttrade åsigter och öfver- 	39	granskare
nu geek tredjedag in oell mili vän granskare korn jag i sigte $	Nu geek tredjedagen in oell mili vän Granskaren korn mig i sigte . 	7	granskare
allmänhet möta granskare en osta förwänande olikhet i arbete $ de snikler frambringa $ och synnerlig i de $ som förutsätta stor grad af entusiasm $ $ poeste $ mälarekonst och mnstk $	allmänhet möter granskaren en osta förwänande olikhet i arbeten , dem snikler frambragt , och synnerligast i dem , som förutsatta större grad af entusiasm , sä°som poeste , mälarekonst och mnstk . 	2	granskare
då sällskap eller den direktion äfven $ i ofrannämnda granskare artikel $ blifvit ternligen direkt tadla $ anse sig en af sällskap ledamot $ som med någon uppmärksamhet följa den angelägenhet $ uppmana att med någon ord besvara den anonym insändare besvärspunkt $ så vidt de röra sällskap och den direktion $	då Sällskapet eller dess Direktion äfven , i ofrannämnda Granskarens artikel , blifvit ternligen direkt tadlad , anser sig en af Sällskapets Ledamöter , som med någon uppmärksamhet följt dess angelägenheter , uppmanad att med några ord besvara den anonyme Insändarens besvärspunkter , så vidt de röra Sällskapet och dess Direktion . 	9	granskare
emot teater embetsman $ att betrygga de en årlig inkomst $ hvaremot de ställning nu vara så prekär $ att de när sorn gärna kuana förafskeda $ emot den sujett $ denna skräldus $ denna upprorsstiftare och konspiratör $ sorn granskare måhända torde påminna sig $ att en viss tidning ganska artig behaga kalla de $ att $ i ställ att låta de bero af en irfdivids godtfinnande $ försäkra de örn en behandling såsom embetsman och artist vid en verk $ stå un der konung vård och beskydd samt styra t af $ $ $ och aktningsvärd man $ hvilkas sammansättning utesluta sjelfva tänkbarhet af godtycke $ hård behandling $ mannamån och favoritskap $ emot teater sjelf $ att öfverlemna den åt våda af den $ äfventyrare $ $ natur $ sorn man böra frukta hos sex akademist $ emot publik $ att gifva hon en moralisk garanti $ att alltid lå se god $ värdig och väl gifna skådespel $ emot den inhemsk litteratur och konst $ att i ställ för den ringa ynnest kongl $ teater hittills visa de $ egen de en skydd och en uppmuntran $ sorn de förut hos vi icke åtnjuta $ samt på den sätt $ i ställ att upphäfva nationalteater $ hvilket nu vara någon svår $ emedan ingen dylik finna $ hilda en sån $	emot teaterns embetsmän , att betrygga dem en årlig inkomst , hvaremot deras ställning nu är så prekär , att de när sorn helst kuana förafskedas ; emot dess sujetter — denna skräldus , dessa upprorsstiftare och konspiratörer , sorn Granskaren måhända torde påminna sig , att en viss tidning ganska artigt behagat kalla dem — att , i stället att låta dem bero af en irfdivids godtfinnande , försäkra dem örn en behandling såsom embetsman och artister vid ett verk , stående un der Konungens vård och beskydd samt styrd t af upplysta , sak-kunniga och aktningsvärda män , hvilkas sammansättning utesluter sjelfva tänkbarheten af godtycke , hård behandling , mannamån och favoritskap ; emot teatern sjelf , att öfverlemna den åt vådan af den ” äfventyrare " — natur , sorn man bör frukta hos sex Akademister ; emot publiken , att gifva henne en moralisk garanti , att alltid lå se goda , värdiga och väl gifna skådespel ; emot den inhemska litteraturen och konsten , att i stället för den ringa ynnest Kongl , teatern hittills visat dem , egna dem ett skydd och en uppmuntran , sorn de förut hos oss icke åtnjutit , samt på det sättet , i stället att upphäfva nationalteatern _ hvilket nu är något svårt , emedan ingen dylik finnes — hilda en sådan . 	40	granskare
jag herres granskare $ för han skrifsätt $ han smak och han rrpplysning hysa jag den stor acktning $ dömmer dock med skonsamhet $ hwarföre skola dä jag wara mera sträng $	Min Herres granskare ( för hans skrifsätt , hans smak och hans rrpplySning hyser jag den största acktning ) dömmer dock med skonsamhet : hwarföre skulle dä jag wara mera sträng ? 	2	granskare
en förnuftig pröfning och grunda inka $ framsiälde nied opartiffhet $ $ as uplvste granskare $ äro hwar och en $ auktor mycket angenäniare än all loford $ $ gifwas han utan grundeligt ösiver $ ägande och föregsnqen pröfning $	En förnuftig pröfning och grundade inka- , framsiälde nied opartiffhet 0an-ändighet , as uplvste granskare , äro hwar och en sannings-älffande Auktor mycket angenäniare än alla loford , so« gifwaS honom Utan grundeligt ösiver » ägande och föregSnqen pröfning . 	14	granskare
gen af fabel $ ty bland all nyligen $ skrift torde knapp finna nägon få uppfylld af fabel som granskare förswar för friherre björnstierna $ men granskare ha glömma $ att den finna fabel bäve nied och utan sens morat $ och del war lisi en af der förra flagct $ som rcc $	gen af fabler , ty bland alla nyligen utkomna skrifter torde knappt finnas nägon ft uppfylld af fabler som granskarens förswar för Friherre Björnstierna ; men granskaren har glömt , att det finnes fabler bäve nied och utan sens morat , och del war lisi en af der förra flagct , som Rcc . 	26	granskare
och owäldlge granskare omdöme $ dä de kunna sätta han i tillfälle att framdeles giswa m stor sulllomligyet äta denna slag arbete $ $ $ i betydlig man stänka han tröst och lättnad under ofta tung emdetsmödor $	och owäldlge granskares omdömen , dä de kunna sätta honom i tillfälle att framdeles giswa m större sulllomligyet ät detta slags arbeten , son&gt ; i betydlig män stänka honom tröst och lättnad under oftast tunga EmdetSmödor . 	2	granskare
mncket föga böra förutse $ som $ enligt hwad man af en sträng granskare med $ sak ej mar i liten motsägelse med en anta stadga b	mncket mindre borde förutses , som , enligt hwad en af de strängaste granskare medgifwit , saken ej mar i minsta motsägelse med de antagna stadgade bs- 	13	granskare
iverkan vara af befara $ fan recensent urfägtas $ örn dag $ tfrsn den lugn finncsstick font ägna hwar och en domare $ $ men af f $ mliga lärd journal behöfwer man lafö allenast et eller annan blad $ för a t bliftva varse $ at de författare drifwas af en hel annan anda $ at de strifwas icke af mogen $ orvaldiga och billig granskare $ utan af et flags litterariffa sansculotte $ som glömma den aktning och höflighet hwar och en författare vara $ ej allenast de recensera skrifternes auctorcr $ utan ock en hyfsad almanhet skyldig $ särdeles $ dä han ge sig anseende af at tolka desi omdöme $	iverkan är af befara , fan Recensenten urfägtas , örn dan a&nifer tfrSn det lugna finncsstick font ägnar hwar och en domare . — Men af f » mliga Lärda Journaler behöfwer man lafö allenast et eller annat blad , för a t bliftva Varse , at deras Författare drifwas af en helt annan anda , at de strifWas icke af mogna , orvaldiga och billiga Granskare , utan af et flags Litterariffa Sansculotter , som glömma den aktning och höflighet hwar och en Författare är , ej allenast de recenserade Skrifternes Auctorcr , utan ock en hyfsad Almanhet skyldig , särdeles , dä han ger sig anseende af at tolka desi omdömen . 	66	granskare
u i en liten erinran $ $ läsare bakpå titelblad yttra flg författare av sara ur $ forn nia ungefär kunna rvanta af en gymnasist $ hwarsäre jag $ gt $ cke granskare $ utan wanner $	U i en liten Erinran ti&gt ; Läsaren bakpå Titelbladet yttrar flg Författaren av sara ur , forn nian ungefär kunnat rvanta af en Gymnasist , hwarsäre mig & gt ; cke granskare , utan wanner . 	32	granskare
banko $ sn epistel till granskare $ $ kapitel $	Banko : Sn Epistel till Granskaren , l:sta Kapitlet . 	5	granskare
lkränkka firmöga $ me $ $ jag dock denna gäng iä dölja jag ofullkomlig werk tor den aaro $ illa te granskare blick $	lkränkka firmöga ; me » utbeder mig dock denna gäng iä dölja mitt ofullkomliga werk tor den Aaro » illa te granskarens blickar . 	21	granskare
besynnerlig förefalla den $ att maja stjcriiswcrd anse den wara lör sig lyckeligt att granskare $ warit anonym $ ilie $ strän derefter förklara hail fin önikan wara $ akt samilia man matte frointeada under sig rätt namn sanik framsmyga ur den dold klyfta $	Besynnerligt förefaller det , att Major Stjcriiswcrd anser det wara lör sig lyckeligt att granskare » warit anonyme , Ilie » strän derefter förklarar hail fin önikan wara , akt samilia Man matte frointeada under sitt rätta namn sanik framsmyga ur den dolda klyftan . 	14	granskare
ma $ fortfara ha $ $ och mare sig af lärglrjghet $ eller enwikhet $ antzäller utaf en sä kunnig granskare $ att hart mäta läsa hant arbete $ och gifwa anledning till förbättring $ hwad vara d8 rätt $ än att i samma förtrolig ton säga han $ den later sig alldeles icke gj $ ra $ den dr ej edea $ $ singearne $ som skola bortskära $ för akt deruti inympa noa $ den åt ehrl dum trädhusmud som skola afskära $ och dirsdttas en ny $ tiller $ wikt egit $ $ mrn derwid kunde jaz $ möjellgen $ komma otta förlors $	Ma — Fortfar Ha » , och mare sig af lärglrjghet , eller enwikhet , antzäller utaf en sä kunnig Granskare , att Hart mätte läsa hant Arbete » och gifwa anledningar till förbättring ; hwad är d8 rättare , än att i samma förtroliga Ton säga honom : Det later sig alldeles icke gj ' ra ; det dr ej Edea skrif-organer » singearne , som skola bortskäras , för akt deruti inympa Noa ; det åt Ehrl dumma Trädhusmud som skulle afskäras , och dirsdttas ett nytt ( tiller , wikt egit ) — mrn derwid kunde jaz » möjellgen , komma ott förlors . 	20	granskare
till den beröm öfwer gustaf dea tredje $ som af ben owäldige granskare blifwi $	Till det beröm öfwer Gustaf dea tredje , som af ben Owäldige Granskaren blifwi ! 	12	granskare
vwälduqe granskare $ omdöme $ $ dä en finna sätta hon01 $ i tillfälle att framdeles gifwa en stor fnllkomlighet äta denna llags arbete $ $ foni i betydlig man stänka han tröst och lättnad nnder oftai tung embetsnisdor $	vwälduqe granskare » omdöme » , dä de funna sätta hon01 » i tillfälle att framdeleS gifwa en större fnllkomlighet ät detta llags arbete » , foni i betydlig män stänka honom tröst och lättnad nnder oftait tunga EmbetSniSdor . 	1	granskare
ester denna jemnsörelfe hoppa mi $ att ingen af wära läsare mer aall sätta i sräga $ att stockholm posten ej förstatt den han omtala $ äfivensom att man skola göra tillbörlig rältwisa äta granskare naiv $ upprigtighet $ i den omdöme han sä $ lunda fälla öfwer sig sjelf $ när dag tala orri postens nullitet i en sak $ $ sjelf vara af nästan alldeles lika tänka metz han till e ursäkt för mär ofullkomlighet skola $ gt $ vi wäl kunna nämna $ den $ gt $ vi förklara $ att wär anmälan $ ej ha för afsigt att bestämma styck wärde $ utan endast att säll publik u uppmärksamhet derpä $ $ $ hwaremot $ författa $ $ tulla atifpräk pä konstnärtomdbme $ samt att belägga artikel om exposition icke i post uppta en full sida $ hrvaremot pen i granskare fylla ungefär ätta sänger denna rum $	Ester denna jemnsörelfe hoppas mi , att ingen af wära läsare mer Aall sätta i sräga , att Stockholms Posten ej förstAtt det han omtalat , äfivensom att man skall göra tillbörlig rältwisa ät Granskarens naiv » upprigtighet , i det omdöme han sä » lunda fällt öfwer sig sjelf , när dan talar orri Postens nullitet i en sak , der-Kari sjelf är af nästan alldeles lika tänka metz honom Till e-n ursäkt för mär ofullkomlighet skulle & gt ; vi wäl kunna nämna , det & gt ; vi förklarat , att wär anmälan " ej hade för afsigt att bestämma styckenas wärde , utan endast att sälla publik us uppmärksamhet derpä , ' ' hwaremot Gran-ftarenS författar » uppträder-ned tulla atifpräk pä konstnärtomdbme , samt att bela artikeln om expositionen icke i Posten upptager en full sida , hrvaremot pen i Granskaren fyller ungefär ätta sänger detta rum . 	144	granskare
o $ den k fi slä felt $ att denna of en utländsk granskare afglsna omdöme $ o $ $ twä $ ine swenska konssnärer skota as teli svensk allmänhet möta med all $ deltagande $	o ) Det ken fi slä felt , att dessa of en utländsk granskare afglsna omdöme » o » , twä , ine Swenska Konssnärer skota as teli Svenska Allmänheten mötas med allt svikerlands-kärslars deltagande . 	13	granskare
resp prenumerant s ben owäldnge granskare behaga uttaga kill ock med $ 2z $ simma $ ny skapelse $ i anledning af haus $ hoal $ ni kronprins $ till $ $ $ samt beuvaranöel af den wiktiga fräsan $ ar engelsk handel söva rvsirr rike $ yrrig $	Resp Prenumeranter S ben Owäldnge Granskaren behagade uttaga kill ock med N.o 2Z , sam iuueballe- Nya Skapelsen , i anledning af Haus A^ngl Hoal , er Kronprinsens rillt-llde till R-geri-ige . , samt Beuvaranöel af den wiktiga fräsan : Ar Engelska handeln söv rvsirr Rike » yrrig ? 	5	granskare
granskare i wära tid ar en man af b ra ytp $ som icke gerna siannar wid nlgon undersökning $ solli ej gär till grund af sak $ som teckna med stor drag $ och merendels fälla sig omdöme efter $ enda exempel $	Granskaren i wära tider ar en man af b ra ytp , som icke gerna siannar wid nLgon undersökning , solli ej gär till grunden af saken , som tecknar med stora drag , och merendels fäller sitt omdöme efter n^got enda exempel . 	0	granskare
jag del kunna jag ej sinna $ att den nu i fråga warande anonym granskare $ en $ arlielt interesse $ öfwat sig i intrig vrectil $ eller gagtt wolt $ lör att förwllla publileii $ ty nar nia nied stilla uppmärksamhet och rparkilk ettertanka genomläsa de ro sär $ silka bihang $ sol $ han bifoga sig skrift $ och dä man der se $ att han uppgift öro bestyrka af hederlig och tro $ värdig embeksmäu $ af pub ika efter $ forn kin na fran $ $ och ideligen bestyrka $ när säga pälordras i lä be anonym $ derigenom tydelig $ adajolagt $ att den ej warit personlig arghet $ four styrka han venna $ utan endast nit för sanning och rättwisa $	min del kan jag ej sinna , att den nu i fråga warande anonyme granskaren förfwar.i ett , arlielt interesse , öfwat sig i intrigens vrectil , eller gagtt wolt , lör att förwllla publileii ; ty nar nian nied stilla uppmärksamhet och rparkilk ettertanka genomläser de ro sär , Silka bihang , sol » han bifogat sin skrift , och dä man der ser , att hans uppgifter öro bestyrkta af hederliga och tro , värdiga EmbekSmäu , af pub ika efter , forn kin na fran , wisa- och ideligen bestyrkas , när sa pälordraS i lä ber anonyme » derigenom tydelige » adajolagt , att det ej warit personlig arghet , four styrk hans venna , utan endast nit för sanning och rättwisa . 	14	granskare
årsberättelse för 1827 äro en utdrag öfverilsatta $ i hvilka finna föremål för granskare tadel $ oell denna källa vara också uttryckligen uppgifven $	årsberättelse för 1827 äro de utdrag öfverilsatta , i hvilka finnas föremålen för Granskarens tadel ; oell denna källa är också uttryckligen uppgifven . 	13	granskare
finna riri de fäfom uti en fleste andra skrift wackra och $ stäke len $ men den billig granskare komma ihcg horatii ord $	finner riri dem fäfom uti de fleste andra skrifter wackra och mr-silyckade stäke len ; men den billige granskaren kommer ihcg Horatii ord : 	18	granskare
vara den rå tänkesätt lius en samfund $ stiftadt för den mycket populär och för frihet mycket gynnsam bestämmelse $ örn än ibland den ledamot finna någon enda $ nog liten bekant nied tid händelse $ för att endast uti $ enskifta förhållande till jag $ kunna söka grund lill granskare ovilja $ utan att ana någon on en offentlig förhållande $ i hvilka jag bopias hafva lörtjent ali den bevågenhet sorn granskare och han insändare visa jag $ men hvaraf jag deremot i enskild väg ej ha någon tillfälle alf göra jag värdig $	är det rådande tänkesättet lius ett Samfund , stiftadt för den mest populära och för friheten mest gynnsamma bestämmelse , örn än ibland dess Ledamöter finnes någon enda , nog litet bekant nied tidens händelser , för att endast uti " enskifta förhållanden till mig " kunna söka grunden lill Granskarens ovilja , utan att ana något on de offentliga förhållanden , i hvilka jag bopias hafva lörtjent ali den bevågenhet sorn Granskaren och hans Insändare visa mig , men hvaraf jag deremot i enskild väg ej haft något tillfälle alf göra mig värdig . 	72	granskare
ttedaktörn af tidning granskare $ forde $ sig nti di ta boklådab $ där argus den hya titgifves $ fara att undfä någon vigtig underrättelse	ttedaktörn af Tidningen Granskaren , forde infinna sig nti di ta Boklådab , där Argus den Hya titgifves , for att undfÄ några vigtiga underrättelser 	3	granskare
skyldighet $ att jemte en orubblig tystnad iaktta om författare namn $ så mycket föga upphäfva vi till granskare öfver en skrift $ de nägon på egen ansvar vilja låta införa $ som censorsembetet lång fördetta af en upplyst regering blifvit upphäfvit $	skyldighet , att jemte en orubblig tystnads iakttagande om Författarnes namn , så mycket mindre upphäfva oss till granskare öfver de skrifter , dem nägon på eget ansvar vill låta införa , som censorsembetet långt fördetta af en upplyst regering blifvit upphäfvit . 	18	granskare
att framköra st8ndcts helsning till deg $ $ och jag frambära de d8 $ med hopp $ att $ efter riksmöte stur $ den owäldige granskare skola finna ost $ art hafwa handla till fädcrncslandcts gagn och för w8ra committentcrs bra $ om denna hopp wunnit fullbordan cllcr icke $ $ den iemnar jag till hmar och en owäldig att bedöma $	att framköra St8ndctS helsningar till Deg Mcd-Ständer , och jag frambar dem d8 , med hopp , att , efter Riksmötets stur , den owäldige granskaren skulle finna ost , art hafwa handlat till FädcrncslandctS gagn och för w8ra CommittentcrS bästa ; om detta hopp wunnit fullbordan cllcr Icke . , det iemnar jag till hmar och en owäldig att bedöma . 	25	granskare
daklionsrna hel och hällek $ och tillstä fäledez $ att följa bit aro aftrycka ur tidning granskare $ 127 för ben 2 november denna vara $	daklionsrna helt och hällek , och tillstä fäledeZ , att följande bitar aro aftryckta ur tidningen Granskaren N:o 127 för ben 2 November detta är . 	16	granskare
af granskare fix i sixdost och för i morgon fä lös exemplar uti biörnstähls bo $ efter 4 $ $ $ ark $	Af Granskaren fix i Sixdost och för i morgon fäs lösa exemplar uti Biörnstähls Bokl8da , efter 4 sk. B:k » arket . 	1	granskare
och $ granskare omdöme $ dä de kunna sätta han i tillfälle att framdeles giswa $ stor fullkvmlighet äta delta stag $ arbete $ få i betydlig man stänka hensm trist ock lättnad under ofta l $ $ ga embetsmödor $	och o.räldlge granskares omdömen , dä de kunna sätta honom i tillfälle att framdeles giswa .tr större fullkvmlighet ät delta stag » arbeten , fom i betydlig män stänka hensm trist ock lättnad under oftast l » " ga EmbetSmödor . 	2	granskare
en sällskap fosterland wanner som aro oberoende af andra magkr an lag $ som langa med harm se wär trpckfiiher $ $ och som hoppa kunna lemna sig tanka medborgare läswärdigarc ämne an bitter profbilar af partihat $ falffa rygten och flrifwerikabbel $ ha besluta litgifwa en nyrr perivdiflt arbete under titel $ den owäldige granskare $	Ett Sällskap Fosterlands Wanner som aro oberoende af andra Magkr an Lagarne , som lange med harm sett wär Trpckfiiher mitzvruk^S , och som hoppas kunna lemna sina tankande Medborgare läswärdigarc ämnen an bittra profbilar af partihat , falffa rygten och flrifwerikabbel , har beslutat litgifwa ett nyrr perivdiflt arbete under titel : Den owäldige Granskaren . 	55	granskare
delta will granskare sä förbättra $ $ $ herren stall urpswälja förbannelse ansigte och tackelset $ m $ m $ $ dertill uppgi $ wer han twä stjäla $ först $ $ att den lära leda tankan rill wär frälsare lidande i ortagärden $ $ deremot torde inan inwända $ att del hell och hällel leda fran prophetens syfte $	Delta will Granskaren sä förbättra : ' ' Herren stall urpswälja förbannelsens ansigte och tackelset , m . m , " Dertill uppgi / wer han twä stal : Först , " att det lärt leder tankan rill wär Frälsares lidande i Ortagärden / ' Deremot torde inan inwända , att del hell och hällel leder fran Prophetens syfte . 	2	granskare
dag skola nemligen kunna säga $ att en tank $ sorn granskare så begärlig angripa $ emedan han hålla de tor jag $ eller tro sig kunna låta deni anse för sån $ äro hvarken af jag upplundna eller i sjelfva arbete $ der de förekomma $ såsom sån angiina $	dag skulle nemligen kunna säga , att de tankar , sorn Granskaren så begärligt angripit , emedan han höll dem tor mina , eller trodde sig kunna låta deni anses för sådana , äro hvarken af mig upplundna eller i sjelfva arbetet , der de förekomma , såsom sådana angiina . 	11	granskare
tidning granskare innehålla i $ lo $ under rubrik af riksdagsämnc $ es artikel insändare af ofvanstarndo artikel il $ i en bref lill ulgifvarrn $ yttra aili tvekan lini tivida dest införande skola kunna möjligen hindra af dea opposition $ iivari $ suni iian säga $ vi o la $ tät till granskare uppsats införande tordeallrahäst bevisa $ att sån icke vara fall $ men de	Tidningen Granskaren innehåller i N:o Lo , under rubrik af Riksdagsämnc , es artikel Insändaren af ofvanstarndo artikel Ilar , i ett bref lill Ulgifvarrn , yttrat aili tvekan lini tivida dest införande skulle kunna möjligen hindras af dea opposition , Iivari , suni Iian säger , vi o la » tätt till Granskarens Uppsatsens införande tordeallrahäst bevisa , att sådant icke är fallet ; men de 	1	granskare
granskare frän början ställa sig lakan $ ni dom hav han underkasta sig arbete $ endast af ni bifall ha han njuta sig upmuntran $ ni all upfordrar han i fädernesland namn $ att famla och frambära en bra materialier till den ny skapelse $ och öfwerllmna äta den stor byggmästare wiöhet $ att ordna de $	Granskaren frän början ställt sin Lakan ; Eder dom hav han underkastat sitt Arbete ; endast af Edert bifall har han njutit sin upmuntran ; Eder alla upfordrar han i Fäderneslandets namn , att famla och frambära de bästa materialier till den Nya Skapelsen , och öfwerlLmna ät den Store Byggmästarens wiöhet , att ordna dem . 	0	granskare
i tidning granskare för den 4 denna ha en insändare uppträdt med hvarjehanda anmärkning vidd af sällskap för v exel undervisning befräm $ ande den 7 $ maj afgifna årsberättelse $	I Tidningen Granskaren för den 4 dennes har en Insändare uppträdt med hvarjehanda anmärkningar vidden af Sällskapet för V exel undervisningens befräm / ande den 7 sistl. Maj afgifna Årsberättelse . 	2	granskare
och gå $ $ att pa $ publicitet ocean $ höra i tisdag nödskott frän $ granskare $ som lär få en stöt i akter $ och förlist $	och gick ; — att pa " publicitetens ocean " hördeS i Tisdags nödskott frän Krou-Barkaszen Granskaren , som lär fått en stöt i aktern , och förlist . 	16	granskare
mängd ändring behöflig $ hwilka i den trycka exemplar kunna äterställa i sig ursprunglig poetisk form $ hwarföre den ocksä händt granskare $ att han räkat	mängd ändringar behöfliga , hwilka i det tryckta exemplaret kunna äterställaS i sin ursprungliga poetiska form , hwarföre det ocksä händt Granskaren , att han räkat 	21	granskare
prenumerant af en $ owälduge granskare bedagad uttaga kille och med $ 8	Prenumeranter af de » Owälduge Granskaren bedagade uttaga kill och med N:o 8 	5	granskare
