sentence_lemma	target_index	cluster	lemma	sentence_token	identifier
denna anstryka träck i till 2 sänger $ för att gifwa den ej allenast behörig grundfärg $ $ som till uiseendel likna rast $ ulan äfwen brwara densamma emot röta $ hwarefter uti den öfwerblifne soppa ljutocker och krita $ eller heldre kalk $ tillblanda $ till dest astundad höjd af gul färg winne $ $ hwar $ med trä för sista gäng bestryka $	38	0	krita	detta anstrykes träck i till 2 sänger , för att gifwa det ej allenast behörig grundfärg , ( som till uiseendel liknar rast ) ulan äfwen brwara detsamma emot röta , hwarefter uti den öfwerblifne Soppan Ljutocker och Krita , eller heldre Kalk , tillblandas , till dest Astundad höjd af gul färg winne ? , hwar » med träet för sista gängen bestrykes . 	bib11653806_18030126_145120_9_0002_alto.xml-0-38
mal krita i stor och windre fastager $ stines till salu uti sus $ t6 wid kornhamnstorg $	1	0	krita	Malen Krita i större och windre Fastager , stines till salu uti Suset N:o t6 wid Kornhamnstorget . 	bib13506739_18160618_144030_139_0006_alto.xml-18-1
mycket god swart krita att rita med $ finna till salu för nedsatt pris uti bolbindaren olof en $ ans hus wid stads smedjegatan $ 165 $ 1c6 $	3	0	krita	Mycket god swart Krita att rita med , finnes till salu för nedsatt pris uti Bolbindaren Olof En » ans Hus wid Stads Smedjegatan N:v 165 & 1C6 . 	bib13506739_18051010_144030_235_0006_alto.xml-8-3
mal krita och linolja $ samt dubbel batavia arrack $ finna till fal i parti uti hufct $	1	0	krita	malen Krita och linolja , samt dubbel Batavia Arrack , finnas till fala i parti uti Hufct N:o 	bib13506739_18210807_144030_182_0006_alto.xml-6-1
sill t indela $ stärkelse $ krita $ norrjk sill $ makulatur och för $	6	0	krita	Sill t indelar , Stärkelse , Krita , Norrjk Sill , Makulatur och För » 	bib19225772_18260815_148004_93_0006_alto.xml-6-6
finmalen krita $ till billig pris $ i kryddbod wid stortorg $	1	0	krita	finmalen Krita , till billiga priser , i Kryddboden wid Stortorget . 	bib13506739_18290319_144030_65_0004_alto.xml-3-1
krita och tunnband $ $ bereda $ och bock $ $ skjälspäck och tran $ islandsull samt bastmatta $ pä kontor i hus $ 4 i bredgrsiiden wid skeppsbro $ $ till wcknfler i portgängen $ $ m $ $	0	0	krita	Krita och Tunnband , » beredda Fär- och Bockstin » , Skjälspäck och Tran , IslandsUll samt Bastmattor , pä Kontoret i Huset N:o 4 i BredgrSiiden wid Skeppsbro » , till wcknfler i portgängen , s. m . . 	bib13506739_18250420_144030_89_0006_alto.xml-10-0
frän england $ i $ lindberg $ med krita $	8	0	krita	Frän England , I . Lindberg , med Krita . 	bib19277277_18300626_147682_144_0002_alto.xml-18-8
pä fin krita vara nu tillgäng pä kontor i $ $ iö wid kornbamnstorget $	2	0	krita	Pä fin Krita är nu tillgäng pä Kontoret I H.iset N:o iö wid KornbamnStorget . 	bib13506739_18180512_144030_106_0007_alto.xml-13-2
stafwa någon likhet med husfluga $ hwilken man karr dränka i et wattenglas ända til dest hon sjunka ned pä botten och blifwit utswäld $ men bli ater lefwande i aflmörja eller fin rifwen krita $	34	0	krita	stafwa någon likhet med Husflugans , hwilken man karr dränka i et wattenglas ända til dest hon sjunkit ned pä botten och blifwit utswäld , men blir ater lefwande i aflmörja eller fin rifwen krita . 	bib11653828_17980328_144028_72_0002_alto.xml-4-34
gin mat krita fem likna btn holländsta i ffnhet och hwichrt $ tå $	2	0	krita	gin maten Krita fem liknar Btn Holländsta i ffnHet och hwichrt , tå ! 	bib13506739_18031024_144030_242_0006_alto.xml-0-2
mant i räd förordna $ $ att wägpcnningar i stockholiiis packhus stola erlägga endast för utrikes wigtgods $ stom derstädes ivid första angifning afwages $ tilen icke för waror $ forn efter annan beräkningsgrund än wigt $ förtnllas $ $ att wägpcnningar stola illgöras för krita en skcspund nied 2 $ 6 $ $ för har och kaninhär en lispund nied 15 $ 6 $ och för kamelhår med 3 $ $ $ alt som tull ä waror i nu gälla taxa vara bcräknadt uti swcnstt banko $ $ och stämpclpcnningarne i en fall dä en icke äro bestämma efter wigt eller stycketal $ lunn efter procent af wärdet $ stola utgä nied en procent af tull enligt taxa $ i ställ för 2 och $ procent af nomincla wärdet uti 1316 ära taxa $ som förut äga rum $ i följd af ordning för wägoch stälupelpenningars uppbära af den 22 januari 1817 $	45	0	krita	Mant i Räder förordnat : l:o Att Wägpcnningar i Stockholiiis Packhus stola erläggas endast för utrikes wigtgods , stom derstädes ivid första angifningen afwages , tilen icke för waror , forn efter annan beräkningsgrund än wigt , förtnllaS ; 2:o Att Wägpcnningar stola illgöras för Krita ett Skcspund nied 2 st. 6 rst. , för Har- och Kaninhär ett Lispund nied 15 st. 6 rst. och för Kamelhår med 3 sk. ; 3:o Alt som tullwärdet ä waror i nu gällande Taxa är bcräknadt uti Swcnstt Banko , Wäg- och Stämpclpcnningarne i de fall dä de icke äro bestämde efter wigt eller stycketal , lunn efter procent af wärdet , stola utgä nied en procent af Tullwärdet enligt Taxan , i stället för 2 och 1-4:dcdels procent af nomincla wärdet uti 1316 ärs Taxa , som förut ägt rum , i följd af Ordningarne för Wägoch Stälupelpenningars uppbärande af den 22 Januari 1817 . 	bib19277277_18260905_147682_205_0001_alto.xml-1-45
sig smälands tjära od $ torr $ fin $ hwit krita $ till billig pris $ hos kursell $	10	0	krita	Sin Smälands Tjära od ) torr , fin , hwit Krita , till billige priser , hos Kursell . 	bib19223423_18280531_145063_44_0003_alto.xml-7-10
olja $ hwn krita $ talg till sju $ th kopp af engeli $	3	0	krita	Olja , hwN Krita , Talg till Sjus , Th koppar af Engeli ? 	bib11653825_18130302_145134_27_0004_alto.xml-0-3
$ sig fikon $ walnötter $ danille $ sockradt och osockradt chokolad $ pudersocker $ li gerblad $ ostindisk mod flere dags fnöske $ ordinär och fin hwitå fruntimmer och mans handske $ skära postpapper $ krita i styck och fin malm $ stor och liten lie $ slipsten och bryn $ ja ftista citron finna hos $ jeremia moberg $	36	0	krita	Konfekt-och sina Fikon , Walnötter , Danille , sockradt och osockradt Chokolad , Pudersocker , Li gerblad , Ostindiskt mod flere dags Fnösken , ordinära och fina hwitå Fruntimmers och Mans Handske » skurit Postpapper , Krita i stycken och fin Malm , större och mindre Liar , Slipstenar och Brynen , jan ftista Citroner finnes hos , Jeremia Moberg . 	bib15650837_18060712_146391_55_0004_alto.xml-3-36
cockenille $ mala sandel $ krapp $ röd ock hwit krita $ eugeist	10	0	krita	Cockenille , malen Sandel , Krapp , röd ock hwit Krita , Eugeist 	bib19225772_18230604_148004_62_0003_alto.xml-11-10
win $ tobak t tjära t stenkol krita $ kalk $	7	0	krita	Win # Tobak t Tjära t Stenkol Krita » Kalk * 	bib19223423_18170709_145063_54_0003_alto.xml-0-7
och stärkelse $ god matolja pa flalkor $ kamfert $ röd och swart krita $	13	0	krita	och Stärkelse , god Matolja pa flalkor , Kamfert , röd och swart Krita , 	bib19225772_18040307_148004_28_0004_alto.xml-3-13
utmärka fin $ mala och stamma krita $ $ i tunna 01 $ eirka 20 $ wigt $ fiunes beständig till billig pris wid rörstrands $ $ der äswen eldfast sten och oglaserad kakel finna att tillgä $	6	0	krita	Utmärkt fin , malen och stammad Krita , inpackad i tunnor 01 » eirka 20 lisp. wigt , fiuneS beständigt till billiga priser wid Rörstrands PvstelinS-Fabrik , der äswen eldfast Sten och oglaserad Kakel finnes att tillgä . 	bib19277277_18250311_147682_58_0003_alto.xml-8-6
man kunna swärligen sinna mera $ än man be finna $ ty blott i en ffatull fannö en myckenhet salsta guldmynt $ cch dä man söka widare $ upptäcka man äkffilliga fila $ rn flasta $ ned stedwatten $ stödja krita $ ett vara myntstämpel och andra werktpg $	40	0	krita	Man kan swärligen sinna mera , än man ber fann ; ty blott i ett ffatull fannö en myckenhet salsta guldmynt ; cch dä man sökte widare , upptäckte man äkffilliga filar , rn flasta » ned stedwatten , stött krita , ett var myntstämplar och andra werktpg . 	bib11653828_18080802_144028_176_0002_alto.xml-10-40
en pariie äkta hollandst färnbock $ samt en dito föga dansk fin och torr krita $ finitts till salu $ hwarom underrättelse lemna uti hus $ 75 wid regeringsgatan $ t nedra maning $	14	0	krita	Ett pariie äkta Hollandst Färnbock , samt ett dito mindre Dansk fin och torr Krita , finitts till salu : hwarom underrättelse lemnas uti Huset N^o 75 wid Regeringsgatan , t nedra maningen . 	bib13506739_18110411_144030_85_0006_alto.xml-5-14
gänga och sängkläder $ diverse $ $ en lzdfack $ bwilken sä wäl foyi en fastage krita vara att bese $ enär derom anmälan sser hos hr kryddkrarnhandlaren arfwidsson $ $ detz bod wid stor nygaian $	16	0	krita	Gäng- och Sängkläder , diverse Kryddkram-HandelSwa.or , en LZdfack , bwilken sä wäl foyi ett Fastage Krita är att bese , enär derom anmälan sser hos Hr Kryddkrarnhandlaren Arfwidsson : .ti detz Bod wid stora Nygaian . 	bib13506739_18211112_144030_265_0003_alto.xml-2-16
slamma blyerts och krita till bistå pris $ $ lie kryddbod wid dörnet af regeringsgatan och $ $ t jakob gränd $	3	0	krita	Slammad Blyerts och Krita till bista pris , » li Kryddboden wid dörnet af Regeringsgatan och @ : t Jakobs Gränd . 	bib19277277_18260517_147682_111_0003_alto.xml-21-3
malc $ krita flnnes till salu uti kryddbod wls hörn af drottninggatan och clara	2	0	krita	malc » Krita flnneS till salu uti Kryddboden wlS hörnet af Drottninggatan och Clara 	bib13506739_18190707_144030_153_0007_alto.xml-0-2
och husgeråd $ postlin och gus $ tam diverse glasmästare $ werttyg $ färdig ny fenster i bag $ flere sort glas $ gammal bly sch krita m $ m $	26	0	krita	och Husgeråd , Postlin och GUS , tamt diverse Glasmästare - Werttyg , färdiga nya Fenster i bagar , flere sorter Glas , gammalt Bly sch Krita m . m . 	bib19225772_18020526_148004_59_0004_alto.xml-1-26
diwerste sort finfft fönsterglas uti hel $ half och fjerndels kista $ flurad golf telgestcns trappa stor och liten $ fin krita uti stor och liten parti samt qv kugge och kafle af hwit bok $ äfwen ny och gammal half tegel $ fä til pris hos ioh $	21	0	krita	Diwerste sorter Finfft Fönsterglas uti hel , half och fjerndels kistor , flurad Golf Telgestcns Trappor större och mindre , fin Krita uti större och mindre partier samt Qv Kuggar och Kaflar af hwit Bok ; äfwen nytt och gammalt half Tegel , fäs til pris hos Ioh . 	bib15650837_18020717_146391_57_0004_alto.xml-1-21
uti hus $ 64 i stad wid skomakaregatan $ en trappa u $ $ där källare welt vara $ fin mal krita sör 12 si $	21	0	krita	Uti Huset N:o 64 i Staden wid Skomakaregatan , en trappa u » , där Källaren Welt är , fin malen Krita sör 12 si . 	bib13506739_18020618_144030_135_0003_alto.xml-14-21
sälläder och mal krita $ aegerhead $ samt all sort tobak och	3	0	krita	Sälläder och malen Krita , Aegerhead , samt alla sorter Tobak och 	bib19225772_18270821_148004_96_0003_alto.xml-7-3
cochenille $ mala sandel $ krapp $ lod och hwit krita $ engelff	10	0	krita	Cochenille , malen Sandel , Krapp , lod och hwit Krita , Engelff 	bib19225772_18230708_148004_75_0003_alto.xml-10-10
en undersöka ämne wörö smä strimla af gull $ silfwer $ kopp $ bly $ tenn $ smä eylindrar af glas $ styck af krita $ ben $ och flere sort träsplittror $	24	0	krita	De undersökta ämnen wörö smä strimlor af Gull » Silfwer , Koppar , Bly , Tenn , smä eylindrar af Glas , stycken af Krita , Ben » och flere sorter Träsplittror . 	bib11653806_18021119_145120_127_0002_alto.xml-8-24
v sig malcn krita finne $ till salu uu gustaf grek $ egendom i hörn af högberg $ $	3	0	krita	V Sin malcn Krita finne » till salu uU Gustaf Grek » Egendom i hörnet af Högberg » ! 	bib13506739_18131104_144030_256_0006_alto.xml-8-3
h $ mats enka försälja norrss sill $ ira sort swafwel $ altin $ piplera $ krita $ bunta	16	0	krita	H . Matsens Enka försäljer Norrss Sill , ira sort Swafwel , Altin , Piplera , Krita , buntade 	bib19225772_18290527_148004_59_0003_alto.xml-10-16
bränna och mala gips $ fin tegelmjöl $ grof dito till ssritfot $ mal $ obränd smärgel $ mal e $ sicktad krita $ alldeles lik den holländsk $ flammad dito $ fin mala och flammad benswärta $ samt male $ senap $ $ finna till salu uti hus nio 6 wid kapitensgatan ä ladugärdslandet $	22	0	krita	Bränd och malen Gips , fint Tegelmjöl , groft dito till ssritfot , malen , obränd Smärgel , malen e » sicktad Krita , alldeles lik den Holländska , flammad dito , fin malen och flammad Benswärta , samt male » Senap , etc. finnaS till salu uti Huset Nio 6 wid KapitenSgatan ä Ladugärdslandet . 	bib13506739_18240526_144030_121_0011_alto.xml-19-22
penninssa berg ätstilliga marmor $ art $ och lcmnar en gansta ssön alabaster $ $ $ $ $ $ slipsten $ gips $ alun $ ätstilliga lera och krita $ bergsalt och lazursten $ jemte ätstilsiga metall $ hwariblsnd den redan i horners tid bekant koprarn $ $ med all denna alster $ kunna inan utan öfwerdrist pästä $ alt calabrien icke eftergifwer någon italiensk provins i fruktbarhet $ och att den till rch med öfwcrträffar mänga $ i denna affeenke ryktbar $	28	0	krita	penninssa bergen ätstilliga marmor , arter , och lcmnar en gansta ssön alabaster , , qwarnstenar^ , ^ , slipstenar , gips , alun , ätstilliga leror och krita , bergsalt och lazursten , jemte ätstilsiga metaller , hwariblsnd den redan i Horners tid bekanta koprarn .. Försed.t med alla dessa alster , kan inan utan öfwerdrist pästä , alt Calabrien icke eftergifwer någon Italiensk provins i fruktbarhet , och att den till rch med öfwcrträffar mänga , i detta affeenke ryktbara . 	bib11653828_18210223_144028_45_0003_alto.xml-12-28
lädor med fin enselsta och franssa sastsärgor $ all sort fin penstar $ blyartspennor $ fransk swart $ röd och hwit krita $ estamper af kork och läder $ pergament $ färgor till pastell miniatur och $ $ all sort sträng $ skrifpenna $ $ och canariefrö m $ m $	21	0	krita	Lädor med fina Enselsta och Franssa Sastsärgor , alla sorter fina Penstar , Blyartspennor , Fransk swart , röd och hwit Krita , Estamper af Kork och Läder , Pergament , Färgor till Pastells Miniatur- och Gouache-malning , alla sorter Strängar , Skrifpennor , Rof- och Canariefrö m . m . 	bib19225772_18241217_148004_146_0003_alto.xml-1-21
swart och röd krita $ fin $ $ flere sort c hine sist swart tusch $ stor och liten pensel $ samt swart märkfärg $ m $ m $ silwén riri färgmagaffnet emotta till grawering i kopp tillika nied aiirockning deraf $ karta $ samt afla sort plancher och tabell $ titelblad och vifltkvrt nied watkra stil $ som all fcrmt och wäl crpedicras $	3	0	krita	swart och röd Krita , fina Blyarts-pennor , flere sorter C hine sist swart Tusch , större och mindre Penslar , samt swart märkfärg , m . m . Silwén riri FärgMagaffnet emottages till Grawering i Koppar tillika nied aiirockning deraf , Kartor , samt afla sorter Plancher och Tabeller , Titelblad och VifltKvrt nied watkra stilar , som allt fcrmt och wäl crpedicraS . 	bib11653823_18241129_144010_278_0008_alto.xml-1-3
han stjäla $ ta han en stycke krita och strö pä bord deus $	7	0	krita	hans stal , tog han ett stycke krita och stres pä bordet Deus . 	bib19223423_18281210_145063_99_0002_alto.xml-4-7
fpänad $ och den will jag göra $ fä länge denna stycke krita räcka $	12	0	krita	fpänad , och det will jag göra , fä länge detta stycke krita räcker . 	bib11653828_18081209_144028_287_0002_alto.xml-16-12
dragten hwari en fri akhenienfist medborgare synas pä gata $ war en hwit pallium af fin ylletyg $ som ofta rengöra med krita och watt af wifie deri kunnig person $	22	0	krita	dragten hwari en fri Akhenienfist medborgare syntes pä gatorna , war en hwit pallium af fint ylletyg , som ofta rengjordes med krita och watten af wifie deri kunnige personer . 	bib19225772_18091013_148004_117_0001_alto.xml-10-22
sill af lipa fäugften samt hwit krita och alun i tunna finna hos pet $	6	0	krita	Sill af lipa fäugften samt hwit Krita och Alun i Tunnor finnes hos Pet . 	bib19225772_17940923_148003_76_0004_alto.xml-4-6
hos kindberg i östra flygel af vårhallen finna till falu $ tapet och lista af diverse sort $ rifna färgor $ fernitza $ mengel $ mineralgrönt $ kuglack och fin krita till billig pris $	30	0	krita	HoS Kindberg i östra flygeln af Vårhallen finnes till falu : Tapeter och Listor af diverse sorter , rifna Färgor , Fernitza , Mengel , Mineralgrönt , Kuglack och fin Krita till billigt pris . 	bib19225772_18070605_148004_62_0003_alto.xml-5-30
piplera osti mal krita $ krita i styck $ ira sort swafwel $ färdiggöra och	3	0	krita	Piplera osti malen Krita , Krita i stycken , ira sort Swafwel , färdiggjorde och 	bib19225772_18280812_148004_91_0004_alto.xml-9-3
hos $ a $ lincke finna till salut fin franstäjarger och $ $ livart $ lod och hwit $ krita $ $ krita $ stockholm $ och carlshamns spelkort $ all sort skri ock pvitraprer frän stjernarps bruk $ äkta romanista sträng för all instrument $ förstling af $ dunckel $ 1 ridt $ memoircs du gen $	19	0	krita	Hos F. A . Lincke finnes till salut Fina FranstäJarger och Lyonefer-Penstar , livart , lod och hwit ' krita , ' krita , Stockholms Camffo- och Carlshamns Spelkort , alla sorter Skris- ock Pvitraprer frän Stjernarps Bruk , äkta Romanista Strängar för alla instrumentet , Förstlingar af D. Dunckel , 1 Ridt , Memoircs du Gen . 	bib19225772_18240622_148004_70_0003_alto.xml-3-19
re dela hwit bolus $ en del krita och halfannan den inolja $ $ gifwa en förl $ äffligl papp $ bra än nw tillsätta nied liten berljnerblätt $ anta delta en ngenäni $ blägrön krör $	7	0	krita	re delar hwit Bolus ; en del krita och halfannan det Inolja , — gifwa ett förl / äffligl papp , bättre än Nw Tillsatt nied litet berljnerblätt , antager delta en ngenäni , blägrön kRör . 	bib19223423_18300807_145063_63_0003_alto.xml-6-7
stor $ medelsort och smä gräfidor $ $ och rundfist $ jutsk sill bdfe of hösta och sommarfängst uti bokkäril $ ypperlig god cabilliou i fjerding $ utsökt god och fristo rutzln i lädor $ en stor parti $ $ holtzträd i styck $ bra sort krita tunnetals $ fin ostindist canchl i bunt $	46	0	krita	Stora , medelsort och smä Gräfidor , Blanklängi-r och Rundfist , Jutsk Sill bdfe of Höst- och Sommarfängst uti Bokkäril , ypperlig god Cabilliou i Fjerdingar , Utsökt goda och fristo Rutzln i Lädor , ett större parti Eber&gt ; holtzträd i stycken , bästa sort Krita tunnetals , fin Ostindist Canchl i buntar . 	bib15650837_18240306_146391_19_0004_alto.xml-1-46
$ eller i dch ställe ungefär dubbel säga mycket flammad krita $ all etter sem anstrvkuiiiheii fat blifwa bwit eller af andra sarg $	10	0	krita	^ Eller i dch ställe ungefär dubbelt sa mycket flammad krita , allt etter sem anstrvkuiiiHeii faT blifwa bwit eller af andra sarger . 	bib11653806_18070918_145120_107_0001_alto.xml-5-10
eng $ blvhwilt $ 4 $ dito mal hwit krita $ st tilo röd krita $ 20 dittl hwit stocka krita $ st dito mefinlgsträd $ 8 est prof $ sto kanna halländsk linolja $ st $ $ st bisp $	20	0	krita	Eng . Blvhwilt , 4 » dito malen hwit krita , st tilo röd krita , 20 dittl hwit stocke krita , st dito Mefinlgsträd N:o 8 ester prof , sto kannor Halländsk Linolja , st dito.Skältran , st bisp . 	bib11653823_18260810_144010_183_0002_alto.xml-15-20
under körande fran kornhamn till mana bnlnn $ förlora af en fattia arbetskarl en tunna inolcn krita $ med wigten $ 9 sigp $	16	0	krita	Under körandet fran Kornhamn till Mana Bnlnn , förlorades af en fattia Arbetskarl en tunna inolcn Krita , med wigten pa^rifwen 9 Sigp . 	bib13506739_18131030_144030_252_0004_alto.xml-15-16
kamfert $ borak $ indigo $ fin kamel och kanindär $ diverse sort ta och grot kardustobak i lada $ weyde uti enkel och sabla fat $ hwit krita i tunna $ franck wal $ kardemiimmor $ reglikor $ muffo och dito blomma $ nied en fleste wanlige soeceriwa $ ro och färgflofrer $ försälja i parti till fasila pris af chr $	28	0	krita	Kamfert , Borak , Indigo , fina Kamel och Kanindär , diverse sorter ta och grot Kardustobak i lador , Weyde uti enkla och Sabla fat , hwit Krita i tunnor , Franck wal , Kardemiimmor , Reglikor , Muffot och dito Blomma , nied de fleste wanlige Soeceriwa » ror och Färgflofrer , försäljes i parti till fasila priser af Chr . 	bib19225772_18050710_148004_77_0003_alto.xml-10-28
efter denna tid vara stärkelse förwandlad till socker $ swafwclspran mätta nied krita $ lösckingen sila och afdunsta till $ $ hwarcftor den i 3 dag lemnäs i fälla runi $ under hwilken tid den anfljuter i kornig kristall $ lika de af rätt socker $	12	0	krita	Efter denna tid är stärkelsen förwandlad till socker , swafwclspran mättas nied krita , lösckingen silas och afdunstas till syrups-consistance , hwarcftor den i 3 dagar lemnäs i fällt runi , under hwilken tid den anfljuter i korniga kristaller , lika dem af rätt socker . 	bib11653806_18120515_145120_55_0001_alto.xml-1-12
lngelff och holländsk $ $ $ god holläudss sill af bra fort $ hwitt och torrtengeli $ krok $ socker $ eng mal senap $ fransk $ $ hwita waxljus $ rosa och hampolja pä liten fastager $ samt maleii holländst hwit krita $ finna till salu uti carl hatzell $ so kryddbod wid drottning $ gata $	42	0	krita	Lngelff och Holländsk Sitmjölks-Ost , , god Holläudss Sill af bästa forten , hwitt och torrtEngeli ?t Krok » Socker , Eng malen Senap , Fransk Win«Atticka , hwita Waxljus , Ros- och Hampolja pä mindre Fastager , samt maleii Holländst hwit Krita , finnas till salu uti Carl Hatzell & Sons Kryddbod wid Drottning » gatan . 	bib13506739_18200502_144030_100_0007_alto.xml-4-42
frän new castle och william halson frän sunderiand nied stenkol $ george sinclair frän portseton och jon lorn frän alloway nied fyrkol $ samt han isberg frän dower med krita $	29	0	krita	frän New Castle och William Halson frän Sunderiand nied Stenkol ; George Sinclair frän Portseton och Jon Lorn frän Alloway nied Fyrkol , samt Hans Isberg frän Dower med Krita . 	bib19225792_17940322_147359_12_0005_alto.xml-1-29
lera l klimpa $ $ torr mål krita $ veritabel eng $ mal se $	7	0	krita	Lera l klimpa » , torr målen Krita , veritabel Eng . malen Se » 	bib13506739_18181207_144030_283_0012_alto.xml-8-7
fin eng $ hwit krita $ newcastle god stenkol $ eng $ och gottlands slipsten $ llands golfflisor $ dylta öst falun rödfärg $ fluss tjära $ beckolja $ näfwer $ $ $ perlsand $ fin och grof kimrök $ dref $ victriol $ bomull och ullkarder $ patent blyhagel $ maculatur och förbydningsvapper $ sorteradt lager af borstarbete $ jemte wanlige sort fin och gröfre jernsmideu försälja af olof bronander $ son $	4	0	krita	Fin Eng . hwit Krita , Newcastle goda Stenkol , Eng , och Gottlands Slipstenar , Llands Golfflisor , Dylta öst Faluns Rödfärg , Fluss Tjära , Beckolja , Näfwer , Wermlands-Plogar , Perlsand , fin och grof Kimrök , Dref , Victriol , Bomulls- och Ullkarder , Patent Blyhagel , Maculatur och FörbydningSvapper , sorteradt lager af Borstarbete , jemte wanlige sorter finare och gröfre Jernsmideu försäljas af Olof Bronander & Son . 	bib19225772_18250426_148004_47_0003_alto.xml-7-4
ssinst approbera $ $ finna till salu uti nordlanders magasin i brunnegränd wid skeppsbron wid rörstrands $ sälja till billig prls flammad krita $ eldfast lera och smaltz $ t stor och mlrivre parti $	22	0	krita	ssinst approberad Utsades-Rag , finnes till salu uti Nordlanders Magasin i Brunnegränd wid Skeppsbron Wid Rörstrands Pofllins-Fabrik säljeS till billigt prlS flammad Krita , eldfasta Leror och Smaltz , t större och mlrivre partier . 	bib13506739_18200703_144030_150_0006_alto.xml-1-22
gifwer $ bestämma lika lätt hiva land stor kungm stulle $ lt $ i eller afse $ som han krita $ tärning af en mantel $ och sticka med $ lt $ $ wink af sig allwäld en myriad landsman att upossras pä sicilien eller ltärling att hämta eit werktyg $ och mähända till en stor förödmjukelchammanwred en gistel af en rem $ de han ffulle fasta i de $ $ ng $	19	0	krita	gifwer , bestämde lika lätt hivad länder Stora Kungm stulle & lt ; ina eller afsta , som han kritade ( tärningen af en Mantel , och stickade med & lt ; » wink af sitt allwäld en myriad Landsmän att upossras pä Sicilien eller ltärling att hämta eit werktyg , och mähända till de Storas förödmjukelchammanwred en gistel af de remmar , dem han ffulle fastat i deras sko&lt ; ng . 	bib19225772_18100815_148004_92_0003_alto.xml-2-19
fara en ritning uti swart sch hwit krita $ föreställa den hisiorista ämne kongl $	7	0	krita	For en ritning uti swart sch hwit krita , föreställande det hisiorista ämne Kongl . 	bib11653823_18230207_144010_31_0003_alto.xml-5-7
fin krita $ swenstt kaffe af herr löfgren tillwerknlng $ raffineradt	1	0	krita	fin Krita , Swenstt Kaffe af Herr Löfgrens tillwerknlng , raffineradt 	bib13506739_18201106_144030_258_0011_alto.xml-3-1
alf $ i $ sjöberg frän norrköping nied mjöl och diverse $ $ grundberg frän göteborg med sall $ fijkwaror och metualier $ $ norberg frän kalmar nied ekcstäf och specerier $ i $ hammarqwist frän dito nied alun och diverse $ zandelia frän carlscrona med flvttningssakcr $ och tobak $ n $ christensson frän christianstad med krita $ bly och hafre $ m $ fäaetfröin frän norrköping med gallmeja $ sära $ ost och mjöl $ p $ prttersson frän dito nied mjöl cch mrtualier $ m $ bergström frän sölfwitslorg med tobak $ p $ scherling fran carlshamn $ ned sarker och bomull $ n $	57	0	krita	Alfer ; I . Sjöberg frän Norrköping nied Mjöl och Diverse ; T. Grundberg frän Göteborg med Sall , Fijkwaror och Metualier ; F. Norberg frän Kalmar nied Ekcstäf och Specerier ; I . Hammarqwist frän dito nied Alun och Diverse ; Zandelia frän Carlscrona med Flvttningssakcr ' och Tobak ; N . Christensson frän Christianstad med Krita , Bly och Hafre ; M . Fäaetfröin frän Norrköping med Gallmeja , Sära , Ost och Mjöl ; P . Prttersson frän dito nied Mjöl cch Mrtualier ; M . Bergström frän SölfwitSLorg med Tobak ; P . Scherling fran Carlshamn » ned Sarker och Bomull ; N . 	bib11653806_18111113_145120_131_0002_alto.xml-0-57
risgryn $ fink domingo och batavia $ kaffe och cacao $ socker $ torr gul ostindlsst och havana $ kanel $ rotting $ peppar $ bengal och twenue sort americansk bomull $ röd turkisk garn $ turkisk safflor $ engelsk och venediff t ival $ hwit krita i tunna och norrköping stärkelse i sjerdingar $ hwit island ull $ walfisstran $ bomolja $ flir matolja $ bra gulr och $ $ länga $ gråsik $ fransk swiskon $ m $ fl $	46	0	krita	Risgryn , fink Domingo och Batavia , Kaffe och Cacao , Socker , torrt gult Ostindlsst och Havana , Kanel , Rotting , Peppar , Bengal och twenue sorter Americansk Bomull , rödt Turkiskt Garn , Turkiskt Safflor , Engelsk och Venediff T ival , hwit krita i tunnor och Norrköpings Stärkelse i sjerdingar , hwit Islands Ull , Walfisstran , Bomolja , flir Matolja , bästa gulr och blätt.Bresiljeträd , Längor , Gråsik , Franska Swiskon , m . fl . 	bib19225792_18230405_147359_13_0005_alto.xml-1-46
pettersson $ som nu aswen war häkta $ ätersördes derest uti rädhnsfängclset $ hwarest han wid waktens ankomst tisdag morgon sann hafwa sönderbryta en i fängelserum mena bord $ sastgjcrt den deraf erhålla na trädstycke emellan kakelugn och tak $ af ena lakan ta en remsa och deruti hänga sig $ samt sälunda afhändt sig lifwet $ efter att detzförinnan pä bord hafwa med krita teckna förklaring om sig oskuld till den brott $ sör hwilket han warit tilltala och häkta $	64	0	krita	Pettersson , som nu aswen war häktad , ätersördes derester uti Rädhnsfängclset , hwarest han wid waktens ankomst Tisdags morgon sanns hafwa sönderbrutit ett i fängelserummet Mende bord , sastgjcrt det deraf erhåll na trädstycket emellan kakelugnen och taket , af ena lakanet tagit en remsa och deruti hängt sig / samt sälunda afhändt sig lifwet , efter att detzförinnan pä bordet hafwa med krita tecknat förklaring om sin oskuld till det brott , sör hwilket han warit tilltalad och häktad . 	bib19227306_18300421_147700_16_0001_alto.xml-10-64
fin batavia arrack $ latritz $ röd bomullsgarn $ bomolja $ matolja pä flaska $ linolja $ mala krita $ krapp $ borax $ brun sagogryn $ holl $	18	0	krita	Fin Batavia Arrack , Latritz , rödt Bomullsgarn , Bomolja , Matolja pä flaskor , Linolja , malen Krita , Krapp , Borax , bruna Sagogryn , Holl . 	bib13506739_18210726_144030_172_0006_alto.xml-7-18
eill af $ $ $ gt $ a säng en $ sig mala krita i stor och liten fastager z krita kunna intet stia $ ias frän koll $	13	0	krita	Eill af sör&gt ; & gt ; a säng en , sin malen Krita i större och mindre Fastager z kritan kan intet sti ' ias frän Koll . 	bib13506739_18050524_144030_119_0008_alto.xml-3-13
ti $ salu finna en partie utaf den fin sort krita $	10	0	krita	Ti » salu finnes ett partie utaf den finaste sorten Krita . 	bib13506739_18110628_144030_147_0003_alto.xml-3-10
sill $ samt sig mala krita $ ffimes til salu i hus $ 51 och 52 pä södermalm och	5	0	krita	Sill , samt sin malen Krita , ffimes til salu i Huset N:o 51 och 52 pä Södermalm och 	bib13506739_17970308_144030_55_0003_alto.xml-12-5
ba last $ a $ ekström iron köpenhamn med krita $ i $	9	0	krita	Ba last ; A . Ekström iron Köpenhamn med Krita ; I . 	bib11653806_18000723_145120_84_0002_alto.xml-0-9
i stad wid skomakaregaton $ l hus $ 64 $ en trappa up $ fhålfe $ fin mala krita te u h $	18	0	krita	I Staden wid Skomakaregaton , l Huset N:o 64 , en trappa up , fHålfe » fin malen Krita ter u H . 	bib13506739_18020910_144030_206_0006_alto.xml-3-18
kcnslerne profva och godkänna af jag tillverka ilna rilfarger i stor oell liten lada nied pensel $ samt smärre $ för barn $ äfvensom liqvid färg $ co cherli lie i koppar $ romersk seppia $ 8 vart krita $	38	0	krita	Kcnslerne profvade och godkände af mig tillverkade Ilna Rilfarger i större oell mindre Lador nied Penslar , samt smärre Rit-Ludor för Barn , äfvensom Liqvida färger , Co cherli li i koppar , Romersk Seppia , 8 vart kritor . 	bib19277277_18300324_147682_69_0005_alto.xml-40-38
skära pappersmasian och liniupplssningen äro iwäl samma $ iknädade i en mortel $ sä lillrebes ge $ inom tillsats of bolus och krita en beg $	22	0	krita	Skär pappersmasian och liniupplSsningen äro Iwäl samma , iknädade i en mortel , sä lillrebes ge » Inom tillsats of Bolus och Krita en beg . 	bib19223423_18300807_145063_63_0003_alto.xml-0-22
hvit krita i styck och salt spillänger vara tit salu för billig pris $ $ lämna i hus n $ 27 vlh 29 wid järntorg $ $ til höger t pertgängen $	1	0	krita	Hvit Krita i stycken och salta Spillänger är tit salu för billigt pris ; öirt§ lämnas i Huset N » 27 vlh 29 wid Järntorget ' , til höger t pertgängen . 	bib13506739_17911215_144030_291_0003_alto.xml-0-1
till salu finna $ $ lindstrand försälja utom wauliga specerier $ hwit krita i tunna $ kimrök i tunna $ halftnnnor och fjerding $ god $ $ god kokärt $ alnn $ samt i kommitzion draglim $ fin hwetemjöl $ god färsk herregärds smör i tunna och fjerding $	12	0	krita	Till salu finnes : O. Lindstrand försäljer utom wauliga Specerier : hwit Krita i tunnor , Kimrök i tunnor , halftnnnor och fjerdingar , godt Sädes-Brännwin , goda Kokärter , Alnn , samt i kommitzion Draglim , fint Hwetemjöl , godt färskt Herregärds Smör i tunnor och fjerdingar . 	bib19225792_18230816_147359_32_0004_alto.xml-5-12
pipleka och mal krita $ krita i styck $ $	3	0	krita	Pipleka och malen Krita , Krita i stycken , . 	bib19225772_18280813_148004_92_0003_alto.xml-6-3
möbel och husgeråd $ postlin ock $ $ $ samt $ $ $ hwartbland oinfattad diamant til glasffärning $ färdig ny fenster t bägar $ flere sort glas $ gammal bly och krita m $ m $	32	0	krita	Möbler och Husgeråd , Postlin ock ) Gla« , samt diV-rse Glasmästare-Werktyg , hwartbland oinfattade Diamanter til glasffärning , färdiga nya Fenster t bägar , flere sorter Glas , gammalt Bly och Krita m . m . 	bib19225792_18020529_147359_22_0005_alto.xml-1-32
tösta och franspsta avisa $ ock anteknade nied krita $ pä en stor tafla $ all en död som tidning behaga upoffra sida krig början $	8	2	krita	Tösta och Franspsta Avisor , ock anteknade nied krita , pä en stor tafla , alla de döde som Tidningarne behagat upoffra sidan krigets början . 	bib11653828_17970412_144028_84_0001_alto.xml-4-8
$ kanhända $ $ mentc wärdén med $ leende $ $ dag will dermed löta förstä $ att han icke ämna spisa pä kredit $ sein mängen annan jag ha pä krita sedan ar och dag $ och jag tillstär att den siullc mara jag kart om ali jag gästcr i s fall wille följa han exempel $	31	4	krita	" Kanhända , " mentc Wärdén med sarkast-fft leende , " dan will dermed löta förstä , att han icke ämnar spisa pä kredit , sein mängen annan jag har pä krita sedan Ar och dag — och jag tillstär att det siullc mara mig kart om alin mina gästcr i Set fallet wille följa hans exempel . 	bib19223423_18280726_145063_60_0002_alto.xml-4-31
